{
  "train_set": {
    "inference_time": 0.45,
    "mAP": 0.906575521454215
  },
  "validation_set": {
    "inference_time": 0.33,
    "mAP": 0.906575521454215
  }
}